Date;.*TracingAspect.*;
17.01.2015 00:00:23.808;5,565
17.01.2015 00:01:23.810;5,565
17.01.2015 00:02:23.812;5,565
17.01.2015 00:03:23.814;5,565
17.01.2015 00:04:23.815;5,565
17.01.2015 00:05:23.816;5,565
17.01.2015 00:06:23.818;5,565
17.01.2015 00:07:23.819;5,565
17.01.2015 00:08:23.821;5,565
17.01.2015 00:09:23.822;5,565
17.01.2015 00:10:23.824;5,565
17.01.2015 00:11:23.825;5,565
17.01.2015 00:12:23.826;5,565
17.01.2015 00:13:23.828;5,565
17.01.2015 00:14:23.829;5,565
17.01.2015 00:15:23.830;5,565
17.01.2015 00:16:23.832;5,565
17.01.2015 00:17:23.833;5,565
17.01.2015 00:18:23.835;5,565
17.01.2015 00:19:23.836;5,565
17.01.2015 00:20:23.838;5,565
17.01.2015 00:21:23.839;5,565
17.01.2015 00:22:23.840;5,565
17.01.2015 00:23:23.842;5,565
17.01.2015 00:24:23.843;5,565
17.01.2015 00:25:23.844;5,565
17.01.2015 00:26:23.846;5,565
17.01.2015 00:27:23.847;5,565
17.01.2015 00:28:23.849;5,565
17.01.2015 00:29:23.850;5,565
17.01.2015 00:30:23.852;5,565
17.01.2015 00:31:23.853;5,565
17.01.2015 00:32:23.855;5,565
17.01.2015 00:33:23.856;5,565
17.01.2015 00:34:23.858;5,565
17.01.2015 00:35:23.859;5,565
17.01.2015 00:36:23.860;5,565
17.01.2015 00:37:23.862;5,565
17.01.2015 00:38:23.863;5,565
17.01.2015 00:39:23.865;5,565
17.01.2015 00:40:23.866;5,565
17.01.2015 00:41:23.867;5,565
17.01.2015 00:42:23.869;5,565
17.01.2015 00:43:23.870;5,565
17.01.2015 00:44:23.872;5,565
17.01.2015 00:45:23.873;5,565
17.01.2015 00:46:23.875;5,565
17.01.2015 00:47:23.877;5,565
17.01.2015 00:48:23.878;5,565
17.01.2015 00:49:23.880;5,565
17.01.2015 00:50:23.881;5,565
17.01.2015 00:51:23.883;5,565
17.01.2015 00:52:23.884;5,565
17.01.2015 00:53:23.886;5,565
17.01.2015 00:54:23.887;5,565
17.01.2015 00:55:23.889;5,565
17.01.2015 00:56:23.890;5,565
17.01.2015 00:57:23.892;5,565
17.01.2015 00:58:23.893;5,565
17.01.2015 00:59:23.895;5,565
17.01.2015 01:00:23.896;5,565
17.01.2015 01:01:23.897;5,565
17.01.2015 01:02:23.899;5,565
17.01.2015 01:03:23.900;5,565
17.01.2015 01:04:23.901;5,565
17.01.2015 01:05:23.903;5,565
17.01.2015 01:06:23.904;5,565
17.01.2015 01:07:23.906;5,565
17.01.2015 01:08:23.907;5,565
17.01.2015 01:09:23.909;5,565
17.01.2015 01:10:23.910;5,565
17.01.2015 01:11:23.911;5,565
17.01.2015 01:12:23.913;5,565
17.01.2015 01:13:23.914;5,565
17.01.2015 01:14:23.916;5,565
17.01.2015 01:15:23.917;5,565
17.01.2015 01:16:23.918;5,565
17.01.2015 01:17:23.920;5,565
17.01.2015 01:18:23.921;5,565
17.01.2015 01:19:23.923;5,565
17.01.2015 01:20:23.924;5,565
17.01.2015 01:21:23.925;5,565
17.01.2015 01:22:23.927;5,565
17.01.2015 01:23:23.928;5,565
17.01.2015 01:24:23.929;5,565
17.01.2015 01:25:23.931;5,565
17.01.2015 01:26:23.932;5,565
17.01.2015 01:27:24.482;5,565
17.01.2015 01:28:24.484;5,565
17.01.2015 01:29:24.485;5,565
17.01.2015 01:30:24.487;5,565
17.01.2015 01:31:24.488;5,565
17.01.2015 01:32:24.489;5,565
17.01.2015 01:33:24.491;5,565
17.01.2015 01:34:24.492;5,565
17.01.2015 01:35:24.493;5,565
17.01.2015 01:36:24.495;5,565
17.01.2015 01:37:24.496;5,565
17.01.2015 01:38:24.498;5,565
17.01.2015 01:39:24.510;5,565
17.01.2015 01:40:24.512;5,565
17.01.2015 01:41:24.513;5,565
17.01.2015 01:42:24.515;5,565
17.01.2015 01:43:24.516;5,565
17.01.2015 01:44:24.517;5,565
17.01.2015 01:45:24.519;5,565
17.01.2015 01:46:24.520;5,565
17.01.2015 01:47:24.521;5,565
17.01.2015 01:48:24.523;5,565
17.01.2015 01:49:24.524;5,565
17.01.2015 01:50:24.526;5,565
17.01.2015 01:51:24.528;5,565
17.01.2015 01:52:24.529;5,565
17.01.2015 01:53:24.530;5,565
17.01.2015 01:54:24.532;5,565
17.01.2015 01:55:24.533;5,565
17.01.2015 01:56:24.535;5,565
17.01.2015 01:57:24.536;5,565
17.01.2015 01:58:24.537;5,565
17.01.2015 01:59:24.539;5,565
17.01.2015 02:00:24.540;5,565
17.01.2015 02:01:24.541;5,565
17.01.2015 02:02:24.543;5,565
17.01.2015 02:03:24.544;5,565
17.01.2015 02:04:24.546;5,565
17.01.2015 02:05:24.547;5,565
17.01.2015 02:06:24.549;5,565
17.01.2015 02:07:24.550;5,565
17.01.2015 02:08:24.551;5,565
17.01.2015 02:09:24.777;5,565
17.01.2015 02:10:24.779;5,565
17.01.2015 02:11:24.780;5,565
17.01.2015 02:12:24.782;5,565
17.01.2015 02:13:24.783;5,565
17.01.2015 02:14:24.784;5,565
17.01.2015 02:15:24.786;5,565
17.01.2015 02:16:24.787;5,565
17.01.2015 02:17:24.789;5,565
17.01.2015 02:18:24.790;5,565
17.01.2015 02:19:24.791;5,565
17.01.2015 02:20:24.793;5,565
17.01.2015 02:21:24.794;5,565
17.01.2015 02:22:24.796;5,565
17.01.2015 02:23:24.831;5,565
17.01.2015 02:24:24.832;5,565
17.01.2015 02:25:24.834;5,565
17.01.2015 02:26:24.835;5,565
17.01.2015 02:27:24.837;5,565
17.01.2015 02:28:24.839;5,565
17.01.2015 02:29:24.840;5,567
17.01.2015 02:30:24.842;5,567
17.01.2015 02:31:24.843;5,567
17.01.2015 02:32:24.844;5,567
17.01.2015 02:33:24.846;5,567
17.01.2015 02:34:24.847;5,567
17.01.2015 02:35:24.849;5,567
17.01.2015 02:36:24.850;5,567
17.01.2015 02:37:24.852;5,567
17.01.2015 02:38:24.853;5,567
17.01.2015 02:39:24.855;5,567
17.01.2015 02:40:24.856;5,567
17.01.2015 02:41:24.858;5,567
17.01.2015 02:42:24.859;5,567
17.01.2015 02:43:24.860;5,567
17.01.2015 02:44:24.862;5,567
17.01.2015 02:45:24.863;5,567
17.01.2015 02:46:24.865;5,567
17.01.2015 02:47:24.869;5,567
17.01.2015 02:48:24.871;5,567
17.01.2015 02:49:24.872;5,567
17.01.2015 02:50:24.874;5,567
17.01.2015 02:51:24.875;5,567
17.01.2015 02:52:24.876;5,567
17.01.2015 02:53:24.878;5,567
17.01.2015 02:54:24.879;5,567
17.01.2015 02:55:24.881;5,567
17.01.2015 02:56:24.882;5,567
17.01.2015 02:57:24.884;5,567
17.01.2015 02:58:24.885;5,567
17.01.2015 02:59:24.887;5,567
17.01.2015 03:00:24.888;5,567
17.01.2015 03:01:24.889;5,567
17.01.2015 03:02:24.891;5,567
17.01.2015 03:03:24.892;5,567
17.01.2015 03:04:24.894;5,567
17.01.2015 03:05:25.588;5,567
17.01.2015 03:06:25.589;5,567
17.01.2015 03:07:25.591;5,567
17.01.2015 03:08:25.592;5,567
17.01.2015 03:09:25.594;5,567
17.01.2015 03:10:25.595;5,567
17.01.2015 03:11:25.596;5,567
17.01.2015 03:12:25.598;5,567
17.01.2015 03:13:25.599;5,567
17.01.2015 03:14:25.601;5,567
17.01.2015 03:15:25.602;5,567
17.01.2015 03:16:25.604;5,567
17.01.2015 03:17:25.605;5,567
17.01.2015 03:18:25.606;5,567
17.01.2015 03:19:25.608;5,567
17.01.2015 03:20:25.609;5,567
17.01.2015 03:21:25.611;5,567
17.01.2015 03:22:25.612;5,567
17.01.2015 03:23:25.614;5,567
17.01.2015 03:24:25.615;5,567
17.01.2015 03:25:25.617;5,567
17.01.2015 03:26:25.618;5,567
17.01.2015 03:27:25.620;5,567
17.01.2015 03:28:25.621;5,567
17.01.2015 03:29:25.623;5,567
17.01.2015 03:30:25.624;5,567
17.01.2015 03:31:25.625;5,567
17.01.2015 03:32:25.627;5,567
17.01.2015 03:33:25.628;5,567
17.01.2015 03:34:25.630;5,567
17.01.2015 03:35:25.631;5,567
17.01.2015 03:36:25.633;5,567
17.01.2015 03:37:25.634;5,567
17.01.2015 03:38:25.635;5,567
17.01.2015 03:39:25.637;5,567
17.01.2015 03:40:25.638;5,567
17.01.2015 03:41:25.639;5,567
17.01.2015 03:42:25.641;5,567
17.01.2015 03:43:25.642;5,567
17.01.2015 03:44:25.644;5,567
17.01.2015 03:45:25.645;5,567
17.01.2015 03:46:25.647;5,567
17.01.2015 03:47:25.648;5,567
17.01.2015 03:48:25.650;5,567
17.01.2015 03:49:25.651;5,567
17.01.2015 03:50:25.652;5,567
17.01.2015 03:51:25.654;5,567
17.01.2015 03:52:25.655;5,567
17.01.2015 03:53:25.657;5,567
17.01.2015 03:54:25.658;5,567
17.01.2015 03:55:25.659;5,567
17.01.2015 03:56:25.661;5,567
17.01.2015 03:57:25.662;5,567
17.01.2015 03:58:25.664;5,567
17.01.2015 03:59:25.665;5,567
17.01.2015 04:00:25.666;5,567
17.01.2015 04:01:25.668;5,567
17.01.2015 04:02:25.669;5,567
17.01.2015 04:03:25.671;5,567
17.01.2015 04:04:25.672;5,567
17.01.2015 04:05:25.674;5,567
17.01.2015 04:06:25.675;5,567
17.01.2015 04:07:25.677;5,567
17.01.2015 04:08:25.678;5,567
17.01.2015 04:09:25.679;5,567
17.01.2015 04:10:25.681;5,567
17.01.2015 04:11:25.682;5,567
17.01.2015 04:12:25.684;5,567
17.01.2015 04:13:25.685;5,567
17.01.2015 04:14:25.686;5,567
17.01.2015 04:15:25.688;5,567
17.01.2015 04:16:25.689;5,567
17.01.2015 04:17:25.691;5,567
17.01.2015 04:18:25.692;5,567
17.01.2015 04:19:25.703;5,567
17.01.2015 04:20:25.704;5,567
17.01.2015 04:21:25.705;5,567
17.01.2015 04:22:25.707;5,567
17.01.2015 04:23:25.708;5,567
17.01.2015 04:24:25.709;5,567
17.01.2015 04:25:25.711;5,567
17.01.2015 04:26:25.712;5,567
17.01.2015 04:27:25.714;5,567
17.01.2015 04:28:25.715;5,567
17.01.2015 04:29:25.716;5,567
17.01.2015 04:30:25.718;5,567
17.01.2015 04:31:25.719;5,567
17.01.2015 04:32:25.721;5,567
17.01.2015 04:33:25.722;5,567
17.01.2015 04:34:25.724;5,567
17.01.2015 04:35:25.725;5,567
17.01.2015 04:36:25.727;5,567
17.01.2015 04:37:25.728;5,567
17.01.2015 04:38:25.730;5,567
17.01.2015 04:39:25.731;5,567
17.01.2015 04:40:25.732;5,567
17.01.2015 04:41:25.734;5,567
17.01.2015 04:42:25.735;5,567
17.01.2015 04:43:25.738;5,567
17.01.2015 04:44:25.740;5,567
17.01.2015 04:45:25.741;5,567
17.01.2015 04:46:25.742;5,567
17.01.2015 04:47:25.744;5,567
17.01.2015 04:48:25.745;5,567
17.01.2015 04:49:25.747;5,567
17.01.2015 04:50:25.748;5,567
17.01.2015 04:51:25.750;5,567
17.01.2015 04:52:25.751;5,567
17.01.2015 04:53:25.852;5,567
17.01.2015 04:54:25.854;5,567
17.01.2015 04:55:25.855;5,567
17.01.2015 04:56:25.857;5,567
17.01.2015 04:57:25.858;5,567
17.01.2015 04:58:25.859;5,567
17.01.2015 04:59:26.020;5,567
17.01.2015 05:00:26.021;5,567
17.01.2015 05:01:26.023;5,567
17.01.2015 05:02:26.024;5,567
17.01.2015 05:03:26.026;5,567
17.01.2015 05:04:26.027;5,567
17.01.2015 05:05:26.029;5,567
17.01.2015 05:06:26.030;5,567
17.01.2015 05:07:26.031;5,567
17.01.2015 05:08:26.033;5,567
17.01.2015 05:09:26.034;5,567
17.01.2015 05:10:26.036;5,567
17.01.2015 05:11:26.037;5,567
17.01.2015 05:12:26.038;5,567
17.01.2015 05:13:26.040;5,567
17.01.2015 05:14:26.041;5,567
17.01.2015 05:15:26.043;5,567
17.01.2015 05:16:26.044;5,567
17.01.2015 05:17:26.045;5,567
17.01.2015 05:18:26.047;5,567
17.01.2015 05:19:26.048;5,567
17.01.2015 05:20:26.050;5,567
17.01.2015 05:21:26.051;5,567
17.01.2015 05:22:26.053;5,567
17.01.2015 05:23:26.054;5,567
17.01.2015 05:24:26.056;5,567
17.01.2015 05:25:26.057;5,567
17.01.2015 05:26:26.059;5,567
17.01.2015 05:27:26.060;5,567
17.01.2015 05:28:26.061;5,567
17.01.2015 05:29:26.063;5,567
17.01.2015 05:30:26.065;5,567
17.01.2015 05:31:26.066;5,567
17.01.2015 05:32:26.068;5,567
17.01.2015 05:33:26.069;5,567
17.01.2015 05:34:26.071;5,567
17.01.2015 05:35:26.072;5,567
17.01.2015 05:36:26.073;5,567
17.01.2015 05:37:26.075;5,567
17.01.2015 05:38:26.076;5,567
17.01.2015 05:39:26.078;5,567
17.01.2015 05:40:26.079;5,567
17.01.2015 05:41:26.081;5,567
17.01.2015 05:42:26.082;5,567
17.01.2015 05:43:26.083;5,567
17.01.2015 05:44:26.085;5,567
17.01.2015 05:45:26.086;5,567
17.01.2015 05:46:26.088;5,567
17.01.2015 05:47:26.089;5,567
17.01.2015 05:48:26.091;5,567
17.01.2015 05:49:26.092;5,567
17.01.2015 05:50:26.094;5,567
17.01.2015 05:51:26.095;5,567
17.01.2015 05:52:26.096;5,567
17.01.2015 05:53:26.098;5,567
17.01.2015 05:54:26.099;5,567
17.01.2015 05:55:26.247;5,567
17.01.2015 05:56:26.249;5,567
17.01.2015 05:57:26.250;5,567
17.01.2015 05:58:26.252;5,567
17.01.2015 05:59:26.254;5,569
17.01.2015 06:00:26.255;5,569
17.01.2015 06:01:26.257;5,569
17.01.2015 06:02:26.258;5,569
17.01.2015 06:03:26.259;5,569
17.01.2015 06:04:26.261;5,569
17.01.2015 06:05:26.262;5,569
17.01.2015 06:06:26.264;5,569
17.01.2015 06:07:26.265;5,569
17.01.2015 06:08:26.267;5,569
17.01.2015 06:09:26.268;5,569
17.01.2015 06:10:26.270;5,569
17.01.2015 06:11:26.271;5,569
17.01.2015 06:12:26.273;5,569
17.01.2015 06:13:26.274;5,569
17.01.2015 06:14:26.276;5,569
17.01.2015 06:15:26.277;5,569
17.01.2015 06:16:26.279;5,569
17.01.2015 06:17:26.281;5,569
17.01.2015 06:18:26.282;5,569
17.01.2015 06:19:26.284;5,569
17.01.2015 06:20:26.287;5,569
17.01.2015 06:21:26.288;5,569
17.01.2015 06:22:26.289;5,569
17.01.2015 06:23:26.291;5,569
17.01.2015 06:24:26.292;5,569
17.01.2015 06:25:26.294;5,569
17.01.2015 06:26:26.295;5,569
17.01.2015 06:27:26.296;5,569
17.01.2015 06:28:26.298;5,569
17.01.2015 06:29:26.299;5,569
17.01.2015 06:30:26.301;5,569
17.01.2015 06:31:26.302;5,569
17.01.2015 06:32:26.304;5,569
17.01.2015 06:33:26.305;5,569
17.01.2015 06:34:26.306;5,569
17.01.2015 06:35:26.308;5,569
17.01.2015 06:36:26.309;5,569
17.01.2015 06:37:26.311;5,569
17.01.2015 06:38:26.312;5,569
17.01.2015 06:39:26.314;5,569
17.01.2015 06:40:26.315;5,569
17.01.2015 06:41:26.317;5,569
17.01.2015 06:42:26.318;5,569
17.01.2015 06:43:26.319;5,569
17.01.2015 06:44:26.321;5,569
17.01.2015 06:45:26.322;5,569
17.01.2015 06:46:26.324;5,569
17.01.2015 06:47:26.325;5,569
17.01.2015 06:48:26.326;5,569
17.01.2015 06:49:26.328;5,569
17.01.2015 06:50:26.329;5,569
17.01.2015 06:51:26.331;5,569
17.01.2015 06:52:26.332;5,569
17.01.2015 06:53:26.333;5,569
17.01.2015 06:54:26.335;5,569
17.01.2015 06:55:26.337;5,569
17.01.2015 06:56:26.338;5,569
17.01.2015 06:57:26.339;5,569
17.01.2015 06:58:26.341;5,569
17.01.2015 06:59:26.343;5,581
17.01.2015 07:00:26.345;5,581
17.01.2015 07:01:26.346;5,581
17.01.2015 07:02:26.348;5,581
17.01.2015 07:03:26.349;5,581
17.01.2015 07:04:26.351;5,581
17.01.2015 07:05:26.353;5,581
17.01.2015 07:06:26.354;5,581
17.01.2015 07:07:26.356;5,581
17.01.2015 07:08:26.357;5,581
17.01.2015 07:09:26.358;5,581
17.01.2015 07:10:26.360;5,581
17.01.2015 07:11:26.361;5,581
17.01.2015 07:12:26.363;5,581
17.01.2015 07:13:26.369;5,581
17.01.2015 07:14:26.371;5,581
17.01.2015 07:15:26.372;5,581
17.01.2015 07:16:26.374;5,581
17.01.2015 07:17:26.375;5,581
17.01.2015 07:18:26.377;5,581
17.01.2015 07:19:26.378;5,581
17.01.2015 07:20:26.379;5,581
17.01.2015 07:21:26.381;5,581
17.01.2015 07:22:26.383;5,581
17.01.2015 07:23:26.384;5,581
17.01.2015 07:24:26.385;5,581
17.01.2015 07:25:26.387;5,581
17.01.2015 07:26:26.389;5,581
17.01.2015 07:27:26.392;5,581
17.01.2015 07:28:26.393;5,581
17.01.2015 07:29:26.394;5,581
17.01.2015 07:30:26.396;5,581
17.01.2015 07:31:26.397;5,581
17.01.2015 07:32:26.399;5,581
17.01.2015 07:33:26.401;5,581
17.01.2015 07:34:26.402;5,581
17.01.2015 07:35:26.404;5,581
17.01.2015 07:36:26.405;5,581
17.01.2015 07:37:26.407;5,581
17.01.2015 07:38:26.408;5,581
17.01.2015 07:39:26.409;5,581
17.01.2015 07:40:26.411;5,581
17.01.2015 07:41:26.413;5,581
17.01.2015 07:42:26.414;5,581
17.01.2015 07:43:26.415;5,581
17.01.2015 07:44:26.417;5,581
17.01.2015 07:45:26.418;5,581
17.01.2015 07:46:26.420;5,581
17.01.2015 07:47:26.421;5,581
17.01.2015 07:48:26.423;5,581
17.01.2015 07:49:26.424;5,581
17.01.2015 07:50:26.426;5,581
17.01.2015 07:51:26.427;5,581
17.01.2015 07:52:26.428;5,581
17.01.2015 07:53:26.430;5,581
17.01.2015 07:54:26.431;5,581
17.01.2015 07:55:26.433;5,581
17.01.2015 07:56:26.434;5,581
17.01.2015 07:57:26.436;5,581
17.01.2015 07:58:26.437;5,581
17.01.2015 07:59:26.439;5,581
17.01.2015 08:00:26.440;5,581
17.01.2015 08:01:26.442;5,581
17.01.2015 08:02:26.443;5,581
17.01.2015 08:03:26.445;5,581
17.01.2015 08:04:26.446;5,581
17.01.2015 08:05:26.447;5,581
17.01.2015 08:06:26.449;5,581
17.01.2015 08:07:26.450;5,581
17.01.2015 08:08:26.452;5,581
17.01.2015 08:09:26.453;5,581
17.01.2015 08:10:26.455;5,581
17.01.2015 08:11:26.457;5,581
17.01.2015 08:12:26.458;5,581
17.01.2015 08:13:26.460;5,581
17.01.2015 08:14:26.461;5,581
17.01.2015 08:15:26.463;5,581
17.01.2015 08:16:26.464;5,581
17.01.2015 08:17:26.466;5,581
17.01.2015 08:18:26.467;5,581
17.01.2015 08:19:26.469;5,581
17.01.2015 08:20:26.471;5,581
17.01.2015 08:21:26.473;5,581
17.01.2015 08:22:26.474;5,581
17.01.2015 08:23:26.475;5,581
17.01.2015 08:24:26.477;5,581
17.01.2015 08:25:26.478;5,581
17.01.2015 08:26:26.480;5,581
17.01.2015 08:27:26.481;5,581
17.01.2015 08:28:26.483;5,581
17.01.2015 08:29:26.484;5,581
17.01.2015 08:30:26.485;5,581
17.01.2015 08:31:26.487;5,581
17.01.2015 08:32:26.488;5,581
17.01.2015 08:33:26.489;5,581
17.01.2015 08:34:26.491;5,581
17.01.2015 08:35:26.492;5,581
17.01.2015 08:36:26.494;5,581
17.01.2015 08:37:26.495;5,581
17.01.2015 08:38:26.497;5,581
17.01.2015 08:39:26.498;5,581
17.01.2015 08:40:26.499;5,581
17.01.2015 08:41:26.501;5,581
17.01.2015 08:42:26.502;5,581
17.01.2015 08:43:26.504;5,581
17.01.2015 08:44:26.505;5,581
17.01.2015 08:45:26.507;5,581
17.01.2015 08:46:26.508;5,581
17.01.2015 08:47:26.509;5,581
17.01.2015 08:48:26.511;5,581
17.01.2015 08:49:26.512;5,581
17.01.2015 08:50:26.514;5,581
17.01.2015 08:51:26.515;5,581
17.01.2015 08:52:26.517;5,581
17.01.2015 08:53:26.518;5,581
17.01.2015 08:54:26.519;5,581
17.01.2015 08:55:26.521;5,581
17.01.2015 08:56:26.522;5,581
17.01.2015 08:57:26.524;5,581
17.01.2015 08:58:26.525;5,581
17.01.2015 08:59:26.527;5,581
17.01.2015 09:00:26.528;5,581
17.01.2015 09:01:26.530;5,581
17.01.2015 09:02:26.531;5,581
17.01.2015 09:03:26.533;5,581
17.01.2015 09:04:26.534;5,581
17.01.2015 09:05:26.535;5,581
17.01.2015 09:06:26.537;5,581
17.01.2015 09:07:26.538;5,581
17.01.2015 09:08:26.540;5,581
17.01.2015 09:09:26.541;5,581
17.01.2015 09:10:26.543;5,581
17.01.2015 09:11:26.544;5,581
17.01.2015 09:12:26.545;5,581
17.01.2015 09:13:26.547;5,581
17.01.2015 09:14:26.548;5,581
17.01.2015 09:15:26.550;5,581
17.01.2015 09:16:26.551;5,581
17.01.2015 09:17:26.553;5,581
17.01.2015 09:18:26.554;5,581
17.01.2015 09:19:26.556;5,581
17.01.2015 09:20:26.557;5,581
17.01.2015 09:21:26.559;5,581
17.01.2015 09:22:26.992;5,581
17.01.2015 09:23:26.994;5,581
17.01.2015 09:24:26.995;5,581
17.01.2015 09:25:26.996;5,581
17.01.2015 09:26:26.998;5,581
17.01.2015 09:27:26.999;5,581
17.01.2015 09:28:27.001;5,581
17.01.2015 09:29:27.002;5,581
17.01.2015 09:30:27.004;5,581
17.01.2015 09:31:27.005;5,581
17.01.2015 09:32:27.006;5,581
17.01.2015 09:33:27.062;5,581
17.01.2015 09:34:27.064;5,581
17.01.2015 09:35:27.065;5,581
17.01.2015 09:36:27.067;5,581
17.01.2015 09:37:27.068;5,581
17.01.2015 09:38:27.070;5,581
17.01.2015 09:39:27.071;5,581
17.01.2015 09:40:27.073;5,581
17.01.2015 09:41:27.074;5,581
17.01.2015 09:42:27.076;5,581
17.01.2015 09:43:27.077;5,581
17.01.2015 09:44:27.079;5,581
17.01.2015 09:45:27.081;5,581
17.01.2015 09:46:27.082;5,581
17.01.2015 09:47:27.084;5,581
17.01.2015 09:48:27.085;5,581
17.01.2015 09:49:27.087;5,581
17.01.2015 09:50:27.089;5,581
17.01.2015 09:51:27.090;5,581
17.01.2015 09:52:27.091;5,581
17.01.2015 09:53:27.093;5,581
17.01.2015 09:54:27.094;5,581
17.01.2015 09:55:27.096;5,581
17.01.2015 09:56:27.097;5,581
17.01.2015 09:57:27.099;5,581
17.01.2015 09:58:27.100;5,581
17.01.2015 09:59:27.101;5,581
17.01.2015 10:00:27.103;5,581
17.01.2015 10:01:27.105;5,581
17.01.2015 10:02:27.107;5,581
17.01.2015 10:03:27.108;5,581
17.01.2015 10:04:27.109;5,581
17.01.2015 10:05:27.111;5,581
17.01.2015 10:06:27.112;5,581
17.01.2015 10:07:27.114;5,581
17.01.2015 10:08:27.115;5,581
17.01.2015 10:09:27.117;5,581
17.01.2015 10:10:27.118;5,581
17.01.2015 10:11:27.119;5,581
17.01.2015 10:12:27.121;5,581
17.01.2015 10:13:27.122;5,581
17.01.2015 10:14:27.124;5,581
17.01.2015 10:15:27.125;5,581
17.01.2015 10:16:27.126;5,581
17.01.2015 10:17:27.128;5,581
17.01.2015 10:18:27.129;5,581
17.01.2015 10:19:27.131;5,581
17.01.2015 10:20:27.132;5,581
17.01.2015 10:21:27.134;5,581
17.01.2015 10:22:27.135;5,581
17.01.2015 10:23:27.137;5,581
17.01.2015 10:24:27.139;5,581
17.01.2015 10:25:27.140;5,581
17.01.2015 10:26:27.141;5,581
17.01.2015 10:27:27.143;5,581
17.01.2015 10:28:27.145;5,581
17.01.2015 10:29:27.146;5,581
17.01.2015 10:30:27.147;5,581
17.01.2015 10:31:27.149;5,581
17.01.2015 10:32:27.150;5,581
17.01.2015 10:33:27.152;5,581
17.01.2015 10:34:27.153;5,581
17.01.2015 10:35:27.155;5,581
17.01.2015 10:36:27.157;5,581
17.01.2015 10:37:27.158;5,581
17.01.2015 10:38:27.160;5,581
17.01.2015 10:39:27.271;5,581
17.01.2015 10:40:27.273;5,581
17.01.2015 10:41:27.274;5,581
17.01.2015 10:42:27.276;5,581
17.01.2015 10:43:27.277;5,581
17.01.2015 10:44:27.278;5,581
17.01.2015 10:45:27.280;5,581
17.01.2015 10:46:27.281;5,581
17.01.2015 10:47:27.283;5,581
17.01.2015 10:48:27.284;5,581
17.01.2015 10:49:27.286;5,581
17.01.2015 10:50:27.287;5,581
17.01.2015 10:51:27.288;5,581
17.01.2015 10:52:27.290;5,581
17.01.2015 10:53:27.291;5,581
17.01.2015 10:54:27.293;5,581
17.01.2015 10:55:27.294;5,581
17.01.2015 10:56:27.295;5,581
17.01.2015 10:57:27.297;5,581
17.01.2015 10:58:27.298;5,581
17.01.2015 10:59:27.300;5,581
17.01.2015 11:00:27.301;5,581
17.01.2015 11:01:27.303;5,581
17.01.2015 11:02:27.304;5,581
17.01.2015 11:03:27.305;5,581
17.01.2015 11:04:27.307;5,581
17.01.2015 11:05:27.308;5,581
17.01.2015 11:06:27.310;5,581
17.01.2015 11:07:27.311;5,581
17.01.2015 11:08:27.313;5,581
17.01.2015 11:09:27.314;5,581
17.01.2015 11:10:27.315;5,581
17.01.2015 11:11:27.317;5,581
17.01.2015 11:12:27.318;5,581
17.01.2015 11:13:27.319;5,581
17.01.2015 11:14:27.321;5,581
17.01.2015 11:15:27.322;5,581
17.01.2015 11:16:27.324;5,581
17.01.2015 11:17:27.325;5,581
17.01.2015 11:18:27.327;5,581
17.01.2015 11:19:27.328;5,581
17.01.2015 11:20:27.330;5,581
17.01.2015 11:21:27.331;5,581
17.01.2015 11:22:27.333;5,581
17.01.2015 11:23:27.334;5,581
17.01.2015 11:24:27.338;5,581
17.01.2015 11:25:27.340;5,581
17.01.2015 11:26:27.341;5,581
17.01.2015 11:27:27.342;5,581
17.01.2015 11:28:27.344;5,581
17.01.2015 11:29:27.345;5,581
17.01.2015 11:30:27.347;5,581
17.01.2015 11:31:27.348;5,581
17.01.2015 11:32:27.350;5,581
17.01.2015 11:33:27.351;5,581
17.01.2015 11:34:27.353;5,581
17.01.2015 11:35:27.354;5,581
17.01.2015 11:36:27.355;5,581
17.01.2015 11:37:27.357;5,581
17.01.2015 11:38:27.358;5,581
17.01.2015 11:39:27.360;5,581
17.01.2015 11:40:27.361;5,581
17.01.2015 11:41:27.363;5,581
17.01.2015 11:42:27.364;5,581
17.01.2015 11:43:27.365;5,581
17.01.2015 11:44:27.367;5,581
17.01.2015 11:45:27.368;5,581
17.01.2015 11:46:27.370;5,581
17.01.2015 11:47:27.371;5,581
17.01.2015 11:48:27.372;5,581
17.01.2015 11:49:27.374;5,581
17.01.2015 11:50:27.375;5,581
17.01.2015 11:51:27.377;5,581
17.01.2015 11:52:27.378;5,581
17.01.2015 11:53:27.380;5,581
17.01.2015 11:54:27.381;5,581
17.01.2015 11:55:27.383;5,581
17.01.2015 11:56:27.384;5,581
17.01.2015 11:57:27.386;5,581
17.01.2015 11:58:27.387;5,581
17.01.2015 11:59:27.389;5,581
17.01.2015 12:00:27.390;5,581
17.01.2015 12:01:27.392;5,581
17.01.2015 12:02:27.393;5,581
17.01.2015 12:03:27.394;5,581
17.01.2015 12:04:27.396;5,581
17.01.2015 12:05:27.397;5,581
17.01.2015 12:06:27.398;5,581
17.01.2015 12:07:27.400;5,581
17.01.2015 12:08:27.401;5,581
17.01.2015 12:09:27.403;5,581
17.01.2015 12:10:27.404;5,581
17.01.2015 12:11:27.406;5,581
17.01.2015 12:12:27.408;5,581
17.01.2015 12:13:27.409;5,581
17.01.2015 12:14:27.411;5,581
17.01.2015 12:15:27.412;5,581
17.01.2015 12:16:27.414;5,581
17.01.2015 12:17:27.415;5,581
17.01.2015 12:18:27.417;5,581
17.01.2015 12:19:27.418;5,581
17.01.2015 12:20:27.420;5,581
17.01.2015 12:21:27.421;5,581
17.01.2015 12:22:27.422;5,581
17.01.2015 12:23:27.424;5,581
17.01.2015 12:24:27.426;5,581
17.01.2015 12:25:27.427;5,581
17.01.2015 12:26:27.428;5,581
17.01.2015 12:27:27.430;5,581
17.01.2015 12:28:27.431;5,581
17.01.2015 12:29:27.433;5,581
17.01.2015 12:30:27.434;5,581
17.01.2015 12:31:27.436;5,581
17.01.2015 12:32:27.437;5,581
17.01.2015 12:33:27.438;5,581
17.01.2015 12:34:27.622;5,581
17.01.2015 12:35:27.624;5,581
17.01.2015 12:36:27.625;5,581
17.01.2015 12:37:27.627;5,581
17.01.2015 12:38:27.628;5,581
17.01.2015 12:39:27.629;5,581
17.01.2015 12:40:27.631;5,581
17.01.2015 12:41:27.632;5,581
17.01.2015 12:42:27.633;5,581
17.01.2015 12:43:27.635;5,581
17.01.2015 12:44:27.636;5,581
17.01.2015 12:45:27.638;5,581
17.01.2015 12:46:27.639;5,581
17.01.2015 12:47:27.640;5,581
17.01.2015 12:48:27.642;5,581
17.01.2015 12:49:27.643;5,581
17.01.2015 12:50:27.645;5,581
17.01.2015 12:51:27.646;5,581
17.01.2015 12:52:27.648;5,581
17.01.2015 12:53:27.649;5,581
17.01.2015 12:54:27.650;5,581
17.01.2015 12:55:27.719;5,581
17.01.2015 12:56:27.721;5,581
17.01.2015 12:57:27.722;5,581
17.01.2015 12:58:27.723;5,581
17.01.2015 12:59:27.725;5,581
17.01.2015 13:00:27.726;5,581
17.01.2015 13:01:27.728;5,581
17.01.2015 13:02:27.729;5,581
17.01.2015 13:03:27.730;5,581
17.01.2015 13:04:27.732;5,581
17.01.2015 13:05:27.733;5,581
17.01.2015 13:06:27.735;5,581
17.01.2015 13:07:27.736;5,581
17.01.2015 13:08:27.737;5,581
17.01.2015 13:09:27.739;5,581
17.01.2015 13:10:27.740;5,581
17.01.2015 13:11:27.742;5,581
17.01.2015 13:12:27.743;5,581
17.01.2015 13:13:27.744;5,581
17.01.2015 13:14:27.746;5,581
17.01.2015 13:15:27.747;5,581
17.01.2015 13:16:27.749;5,581
17.01.2015 13:17:27.750;5,581
17.01.2015 13:18:27.752;5,581
17.01.2015 13:19:27.753;5,581
17.01.2015 13:20:27.755;5,581
17.01.2015 13:21:27.756;5,581
17.01.2015 13:22:27.758;5,581
17.01.2015 13:23:27.759;5,581
17.01.2015 13:24:27.852;5,581
17.01.2015 13:25:27.854;5,581
17.01.2015 13:26:27.855;5,581
17.01.2015 13:27:27.857;5,581
17.01.2015 13:28:27.858;5,581
17.01.2015 13:29:27.860;5,581
17.01.2015 13:30:27.861;5,581
17.01.2015 13:31:27.863;5,581
17.01.2015 13:32:27.864;5,581
17.01.2015 13:33:27.866;5,581
17.01.2015 13:34:27.867;5,581
17.01.2015 13:35:27.869;5,581
17.01.2015 13:36:27.871;5,581
17.01.2015 13:37:27.958;5,581
17.01.2015 13:38:27.960;5,581
17.01.2015 13:39:27.961;5,581
17.01.2015 13:40:27.963;5,581
17.01.2015 13:41:27.964;5,581
17.01.2015 13:42:27.965;5,581
17.01.2015 13:43:27.967;5,581
17.01.2015 13:44:27.968;5,581
17.01.2015 13:45:27.970;5,581
17.01.2015 13:46:27.971;5,581
17.01.2015 13:47:28.153;5,581
17.01.2015 13:48:28.154;5,581
17.01.2015 13:49:28.156;5,581
17.01.2015 13:50:28.157;5,581
17.01.2015 13:51:28.159;5,581
17.01.2015 13:52:28.160;5,581
17.01.2015 13:53:28.161;5,581
17.01.2015 13:54:28.163;5,581
17.01.2015 13:55:28.166;5,581
17.01.2015 13:56:28.168;5,581
17.01.2015 13:57:28.169;5,581
17.01.2015 13:58:28.171;5,581
17.01.2015 13:59:28.296;5,581
17.01.2015 14:00:28.297;5,581
17.01.2015 14:01:28.299;5,581
17.01.2015 14:02:28.300;5,581
17.01.2015 14:03:28.302;5,581
17.01.2015 14:04:28.303;5,581
17.01.2015 14:05:28.305;5,581
17.01.2015 14:06:28.306;5,581
17.01.2015 14:07:28.308;5,581
17.01.2015 14:08:28.309;5,581
17.01.2015 14:09:28.311;5,581
17.01.2015 14:10:28.312;5,581
17.01.2015 14:11:28.313;5,581
17.01.2015 14:12:28.315;5,581
17.01.2015 14:13:28.316;5,581
17.01.2015 14:14:28.318;5,581
17.01.2015 14:15:28.320;5,581
17.01.2015 14:16:28.321;5,581
17.01.2015 14:17:28.323;5,581
17.01.2015 14:18:28.325;5,581
17.01.2015 14:19:28.326;5,581
17.01.2015 14:20:28.328;5,581
17.01.2015 14:21:28.330;5,581
17.01.2015 14:22:28.331;5,581
17.01.2015 14:23:28.333;5,581
17.01.2015 14:24:28.334;5,581
17.01.2015 14:25:28.336;5,581
17.01.2015 14:26:28.349;5,581
17.01.2015 14:27:28.351;5,581
17.01.2015 14:28:28.352;5,581
17.01.2015 14:29:28.353;5,581
17.01.2015 14:30:28.355;5,581
17.01.2015 14:31:28.356;5,581
17.01.2015 14:32:28.358;5,581
17.01.2015 14:33:28.359;5,581
17.01.2015 14:34:28.361;5,581
17.01.2015 14:35:28.362;5,581
17.01.2015 14:36:28.364;5,581
17.01.2015 14:37:28.365;5,581
17.01.2015 14:38:28.367;5,581
17.01.2015 14:39:28.368;5,581
17.01.2015 14:40:28.369;5,581
17.01.2015 14:41:28.371;5,581
17.01.2015 14:42:28.373;5,581
17.01.2015 14:43:28.374;5,581
17.01.2015 14:44:28.376;5,581
17.01.2015 14:45:28.377;5,581
17.01.2015 14:46:28.378;5,581
17.01.2015 14:47:28.380;5,581
17.01.2015 14:48:28.381;5,581
17.01.2015 14:49:28.383;5,581
17.01.2015 14:50:28.384;5,581
17.01.2015 14:51:28.386;5,581
17.01.2015 14:52:28.387;5,581
17.01.2015 14:53:28.388;5,581
17.01.2015 14:54:28.390;5,581
17.01.2015 14:55:28.391;5,581
17.01.2015 14:56:28.393;5,581
17.01.2015 14:57:28.394;5,581
17.01.2015 14:58:28.396;5,581
17.01.2015 14:59:28.397;5,581
17.01.2015 15:00:28.398;5,581
17.01.2015 15:01:28.400;5,581
17.01.2015 15:02:28.401;5,581
17.01.2015 15:03:28.403;5,581
17.01.2015 15:04:28.404;5,581
17.01.2015 15:05:28.406;5,581
17.01.2015 15:06:28.407;5,581
17.01.2015 15:07:28.408;5,581
17.01.2015 15:08:28.410;5,581
17.01.2015 15:09:28.411;5,581
17.01.2015 15:10:28.413;5,581
17.01.2015 15:11:28.414;5,581
17.01.2015 15:12:28.416;5,581
17.01.2015 15:13:28.417;5,581
17.01.2015 15:14:28.418;5,581
17.01.2015 15:15:28.420;5,581
17.01.2015 15:16:28.422;5,581
17.01.2015 15:17:28.423;5,581
17.01.2015 15:18:28.425;5,581
17.01.2015 15:19:28.426;5,581
17.01.2015 15:20:28.428;5,581
17.01.2015 15:21:28.429;5,581
17.01.2015 15:22:28.430;5,581
17.01.2015 15:23:28.432;5,581
17.01.2015 15:24:28.433;5,581
17.01.2015 15:25:28.435;5,581
17.01.2015 15:26:28.436;5,581
17.01.2015 15:27:28.438;5,581
17.01.2015 15:28:28.439;5,581
17.01.2015 15:29:28.441;5,581
17.01.2015 15:30:28.442;5,581
17.01.2015 15:31:28.443;5,581
17.01.2015 15:32:28.445;5,581
17.01.2015 15:33:28.446;5,581
17.01.2015 15:34:28.448;5,581
17.01.2015 15:35:28.449;5,581
17.01.2015 15:36:28.451;5,581
17.01.2015 15:37:28.452;5,581
17.01.2015 15:38:28.454;5,581
17.01.2015 15:39:28.455;5,581
17.01.2015 15:40:28.457;5,581
17.01.2015 15:41:28.458;5,581
17.01.2015 15:42:28.460;5,581
17.01.2015 15:43:28.461;5,581
17.01.2015 15:44:28.462;5,581
17.01.2015 15:45:28.464;5,581
17.01.2015 15:46:28.466;5,581
17.01.2015 15:47:28.467;5,581
17.01.2015 15:48:28.468;5,581
17.01.2015 15:49:28.470;5,581
17.01.2015 15:50:28.472;5,581
17.01.2015 15:51:28.473;5,581
17.01.2015 15:52:28.475;5,581
17.01.2015 15:53:28.476;5,581
17.01.2015 15:54:28.477;5,581
17.01.2015 15:55:28.479;5,581
17.01.2015 15:56:28.480;5,581
17.01.2015 15:57:28.482;5,581
17.01.2015 15:58:28.483;5,581
17.01.2015 15:59:28.485;5,581
17.01.2015 16:00:28.487;5,581
17.01.2015 16:01:28.488;5,581
17.01.2015 16:02:28.490;5,581
17.01.2015 16:03:28.491;5,581
17.01.2015 16:04:28.492;5,581
17.01.2015 16:05:28.494;5,581
17.01.2015 16:06:28.495;5,581
17.01.2015 16:07:28.497;5,581
17.01.2015 16:08:28.498;5,581
17.01.2015 16:09:28.500;5,581
17.01.2015 16:10:28.501;5,581
17.01.2015 16:11:28.503;5,581
17.01.2015 16:12:28.504;5,581
17.01.2015 16:13:28.505;5,581
17.01.2015 16:14:28.507;5,581
17.01.2015 16:15:28.508;5,581
17.01.2015 16:16:28.510;5,581
17.01.2015 16:17:28.511;5,581
17.01.2015 16:18:28.512;5,581
17.01.2015 16:19:28.514;5,581
17.01.2015 16:20:28.591;5,581
17.01.2015 16:21:28.594;5,581
17.01.2015 16:22:28.596;5,581
17.01.2015 16:23:28.597;5,581
17.01.2015 16:24:28.599;5,581
17.01.2015 16:25:28.600;5,581
17.01.2015 16:26:28.602;5,581
17.01.2015 16:27:28.603;5,581
17.01.2015 16:28:28.605;5,581
17.01.2015 16:29:28.606;5,581
17.01.2015 16:30:28.608;5,581
17.01.2015 16:31:28.609;5,581
17.01.2015 16:32:28.610;5,581
17.01.2015 16:33:28.612;5,581
17.01.2015 16:34:28.613;5,581
17.01.2015 16:35:28.620;5,581
17.01.2015 16:36:28.621;5,581
17.01.2015 16:37:28.623;5,581
17.01.2015 16:38:28.624;5,581
17.01.2015 16:39:28.626;5,581
17.01.2015 16:40:28.627;5,581
17.01.2015 16:41:28.628;5,581
17.01.2015 16:42:28.630;5,581
17.01.2015 16:43:28.631;5,581
17.01.2015 16:44:28.633;5,581
17.01.2015 16:45:28.634;5,581
17.01.2015 16:46:28.635;5,581
17.01.2015 16:47:28.637;5,581
17.01.2015 16:48:28.691;5,581
17.01.2015 16:49:28.693;5,581
17.01.2015 16:50:28.696;5,581
17.01.2015 16:51:28.697;5,581
17.01.2015 16:52:28.698;5,581
17.01.2015 16:53:28.700;5,581
17.01.2015 16:54:28.701;5,581
17.01.2015 16:55:28.703;5,581
17.01.2015 16:56:28.704;5,581
17.01.2015 16:57:28.705;5,581
17.01.2015 16:58:28.707;5,581
17.01.2015 16:59:28.708;5,581
17.01.2015 17:00:28.710;5,581
17.01.2015 17:01:28.711;5,581
17.01.2015 17:02:28.713;5,581
17.01.2015 17:03:28.714;5,581
17.01.2015 17:04:28.715;5,581
17.01.2015 17:05:28.717;5,581
17.01.2015 17:06:28.718;5,581
17.01.2015 17:07:28.858;5,581
17.01.2015 17:08:28.860;5,581
17.01.2015 17:09:28.861;5,581
17.01.2015 17:10:28.862;5,581
17.01.2015 17:11:28.864;5,581
17.01.2015 17:12:29.247;5,581
17.01.2015 17:13:29.248;5,581
17.01.2015 17:14:29.250;5,581
17.01.2015 17:15:29.251;5,581
17.01.2015 17:16:29.253;5,581
17.01.2015 17:17:29.255;5,581
17.01.2015 17:18:29.256;5,581
17.01.2015 17:19:29.257;5,581
17.01.2015 17:20:29.259;5,581
17.01.2015 17:21:29.260;5,581
17.01.2015 17:22:29.261;5,581
17.01.2015 17:23:29.293;5,581
17.01.2015 17:24:29.295;5,581
17.01.2015 17:25:29.296;5,581
17.01.2015 17:26:29.298;5,581
17.01.2015 17:27:29.299;5,581
17.01.2015 17:28:29.301;5,581
17.01.2015 17:29:29.302;5,581
17.01.2015 17:30:29.304;5,581
17.01.2015 17:31:29.306;5,581
17.01.2015 17:32:29.307;5,581
17.01.2015 17:33:29.309;5,581
17.01.2015 17:34:29.310;5,581
17.01.2015 17:35:29.312;5,581
17.01.2015 17:36:29.313;5,581
17.01.2015 17:37:29.315;5,581
17.01.2015 17:38:29.316;5,581
17.01.2015 17:39:29.318;5,581
17.01.2015 17:40:29.319;5,581
17.01.2015 17:41:29.320;5,581
17.01.2015 17:42:29.322;5,581
17.01.2015 17:43:29.323;5,581
17.01.2015 17:44:29.325;5,581
17.01.2015 17:45:29.326;5,581
17.01.2015 17:46:29.328;5,581
17.01.2015 17:47:29.329;5,581
17.01.2015 17:48:29.330;5,581
17.01.2015 17:49:29.332;5,581
17.01.2015 17:50:29.333;5,581
17.01.2015 17:51:29.335;5,581
17.01.2015 17:52:29.336;5,581
17.01.2015 17:53:29.338;5,581
17.01.2015 17:54:29.339;5,581
17.01.2015 17:55:29.340;5,581
17.01.2015 17:56:29.342;5,581
17.01.2015 17:57:29.343;5,581
17.01.2015 17:58:29.345;5,581
17.01.2015 17:59:29.346;5,581
17.01.2015 18:00:29.348;5,581
17.01.2015 18:01:29.349;5,581
17.01.2015 18:02:29.351;5,581
17.01.2015 18:03:29.352;5,581
17.01.2015 18:04:29.354;5,581
17.01.2015 18:05:29.355;5,581
17.01.2015 18:06:29.357;5,581
17.01.2015 18:07:29.358;5,581
17.01.2015 18:08:29.360;5,581
17.01.2015 18:09:29.361;5,581
17.01.2015 18:10:29.363;5,581
17.01.2015 18:11:29.364;5,581
17.01.2015 18:12:29.366;5,581
17.01.2015 18:13:29.367;5,581
17.01.2015 18:14:29.368;5,581
17.01.2015 18:15:29.370;5,581
17.01.2015 18:16:29.371;5,581
17.01.2015 18:17:29.373;5,581
17.01.2015 18:18:29.374;5,581
17.01.2015 18:19:29.376;5,581
17.01.2015 18:20:29.377;5,581
17.01.2015 18:21:29.378;5,581
17.01.2015 18:22:29.380;5,581
17.01.2015 18:23:29.381;5,581
17.01.2015 18:24:29.383;5,581
17.01.2015 18:25:29.384;5,581
17.01.2015 18:26:29.386;5,581
17.01.2015 18:27:29.387;5,581
17.01.2015 18:28:29.389;5,581
17.01.2015 18:29:29.390;5,581
17.01.2015 18:30:29.391;5,581
17.01.2015 18:31:29.393;5,581
17.01.2015 18:32:29.395;5,581
17.01.2015 18:33:29.396;5,581
17.01.2015 18:34:29.398;5,581
17.01.2015 18:35:29.399;5,581
17.01.2015 18:36:29.401;5,581
17.01.2015 18:37:29.402;5,581
17.01.2015 18:38:29.404;5,581
17.01.2015 18:39:29.405;5,581
17.01.2015 18:40:29.406;5,581
17.01.2015 18:41:29.408;5,581
17.01.2015 18:42:29.410;5,581
17.01.2015 18:43:29.411;5,581
17.01.2015 18:44:29.413;5,581
17.01.2015 18:45:29.414;5,581
17.01.2015 18:46:29.416;5,581
17.01.2015 18:47:29.417;5,581
17.01.2015 18:48:29.418;5,581
17.01.2015 18:49:29.420;5,581
17.01.2015 18:50:29.421;5,581
17.01.2015 18:51:29.430;5,581
17.01.2015 18:52:29.431;5,581
17.01.2015 18:53:29.432;5,581
17.01.2015 18:54:29.434;5,581
17.01.2015 18:55:29.435;5,581
17.01.2015 18:56:29.437;5,581
17.01.2015 18:57:29.440;5,581
17.01.2015 18:58:29.441;5,581
17.01.2015 18:59:29.443;5,581
17.01.2015 19:00:29.444;5,581
17.01.2015 19:01:29.445;5,581
17.01.2015 19:02:29.447;5,581
17.01.2015 19:03:29.448;5,581
17.01.2015 19:04:29.450;5,581
17.01.2015 19:05:29.451;5,581
17.01.2015 19:06:29.554;5,581
17.01.2015 19:07:29.555;5,581
17.01.2015 19:08:29.556;5,581
17.01.2015 19:09:29.558;5,581
17.01.2015 19:10:29.559;5,581
17.01.2015 19:11:29.561;5,581
17.01.2015 19:12:29.562;5,581
17.01.2015 19:13:29.563;5,581
17.01.2015 19:14:29.565;5,581
17.01.2015 19:15:29.566;5,581
17.01.2015 19:16:29.568;5,581
17.01.2015 19:17:29.569;5,581
17.01.2015 19:18:29.571;5,581
17.01.2015 19:19:29.572;5,581
17.01.2015 19:20:29.574;5,581
17.01.2015 19:21:29.575;5,581
17.01.2015 19:22:29.577;5,581
17.01.2015 19:23:29.578;5,581
17.01.2015 19:24:29.579;5,581
17.01.2015 19:25:29.581;5,581
17.01.2015 19:26:29.664;5,581
17.01.2015 19:27:29.665;5,581
17.01.2015 19:28:29.667;5,581
17.01.2015 19:29:29.668;5,581
17.01.2015 19:30:29.669;5,581
17.01.2015 19:31:29.671;5,581
17.01.2015 19:32:29.672;5,581
17.01.2015 19:33:29.674;5,581
17.01.2015 19:34:29.675;5,581
17.01.2015 19:35:29.677;5,581
17.01.2015 19:36:29.678;5,581
17.01.2015 19:37:29.680;5,581
17.01.2015 19:38:29.681;5,581
17.01.2015 19:39:29.683;5,581
17.01.2015 19:40:29.685;5,581
17.01.2015 19:41:29.686;5,581
17.01.2015 19:42:29.688;5,581
17.01.2015 19:43:29.689;5,581
17.01.2015 19:44:29.691;5,581
17.01.2015 19:45:29.692;5,581
17.01.2015 19:46:29.694;5,581
17.01.2015 19:47:29.695;5,581
17.01.2015 19:48:29.697;5,581
17.01.2015 19:49:29.698;5,581
17.01.2015 19:50:29.700;5,581
17.01.2015 19:51:29.701;5,581
17.01.2015 19:52:29.703;5,581
17.01.2015 19:53:29.704;5,581
17.01.2015 19:54:29.706;5,581
17.01.2015 19:55:29.707;5,581
17.01.2015 19:56:29.712;5,581
17.01.2015 19:57:29.714;5,581
17.01.2015 19:58:29.715;5,581
17.01.2015 19:59:29.717;5,581
17.01.2015 20:00:29.718;5,581
17.01.2015 20:01:29.720;5,581
17.01.2015 20:02:29.721;5,581
17.01.2015 20:03:29.723;5,581
17.01.2015 20:04:29.724;5,581
17.01.2015 20:05:29.725;5,581
17.01.2015 20:06:29.727;5,581
17.01.2015 20:07:29.728;5,581
17.01.2015 20:08:29.730;5,581
17.01.2015 20:09:29.731;5,581
17.01.2015 20:10:29.732;5,581
17.01.2015 20:11:29.734;5,581
17.01.2015 20:12:29.813;5,581
17.01.2015 20:13:29.814;5,581
17.01.2015 20:14:29.816;5,581
17.01.2015 20:15:29.817;5,581
17.01.2015 20:16:29.819;5,581
17.01.2015 20:17:29.820;5,581
17.01.2015 20:18:29.822;5,581
17.01.2015 20:19:29.823;5,581
17.01.2015 20:20:29.825;5,581
17.01.2015 20:21:29.826;5,581
17.01.2015 20:22:29.828;5,581
17.01.2015 20:23:29.829;5,581
17.01.2015 20:24:29.831;5,581
17.01.2015 20:25:29.832;5,581
17.01.2015 20:26:29.834;5,581
17.01.2015 20:27:29.835;5,581
17.01.2015 20:28:29.842;5,581
17.01.2015 20:29:29.942;5,581
17.01.2015 20:30:29.944;5,581
17.01.2015 20:31:29.945;5,581
17.01.2015 20:32:29.947;5,581
17.01.2015 20:33:29.948;5,581
17.01.2015 20:34:29.951;5,581
17.01.2015 20:35:29.952;5,581
17.01.2015 20:36:29.953;5,581
17.01.2015 20:37:29.955;5,581
17.01.2015 20:38:29.956;5,581
17.01.2015 20:39:29.958;5,581
17.01.2015 20:40:29.960;5,581
17.01.2015 20:41:29.961;5,581
17.01.2015 20:42:29.963;5,581
17.01.2015 20:43:29.964;5,581
17.01.2015 20:44:29.966;5,581
17.01.2015 20:45:29.967;5,581
17.01.2015 20:46:29.969;5,581
17.01.2015 20:47:29.970;5,581
17.01.2015 20:48:29.972;5,581
17.01.2015 20:49:29.973;5,581
17.01.2015 20:50:29.975;5,581
17.01.2015 20:51:29.976;5,581
17.01.2015 20:52:29.978;5,581
17.01.2015 20:53:29.979;5,581
17.01.2015 20:54:29.980;5,581
17.01.2015 20:55:29.982;5,581
17.01.2015 20:56:29.983;5,581
17.01.2015 20:57:29.985;5,581
17.01.2015 20:58:29.986;5,581
17.01.2015 20:59:29.988;5,581
17.01.2015 21:00:29.989;5,581
17.01.2015 21:01:29.990;5,581
17.01.2015 21:02:29.992;5,581
17.01.2015 21:03:29.993;5,581
17.01.2015 21:04:29.995;5,581
17.01.2015 21:05:29.996;5,581
17.01.2015 21:06:29.998;5,581
17.01.2015 21:07:30.211;5,581
17.01.2015 21:08:30.213;5,581
17.01.2015 21:09:30.214;5,581
17.01.2015 21:10:30.215;5,581
17.01.2015 21:11:30.217;5,581
17.01.2015 21:12:30.218;5,581
17.01.2015 21:13:30.220;5,581
17.01.2015 21:14:30.221;5,581
17.01.2015 21:15:30.223;5,581
17.01.2015 21:16:30.224;5,581
17.01.2015 21:17:30.226;5,581
17.01.2015 21:18:30.227;5,581
17.01.2015 21:19:30.229;5,581
17.01.2015 21:20:30.230;5,581
17.01.2015 21:21:30.231;5,581
17.01.2015 21:22:30.895;5,581
17.01.2015 21:23:30.896;5,581
17.01.2015 21:24:30.898;5,581
17.01.2015 21:25:30.899;5,581
17.01.2015 21:26:30.901;5,581
17.01.2015 21:27:30.902;5,581
17.01.2015 21:28:30.903;5,581
17.01.2015 21:29:30.905;5,581
17.01.2015 21:30:30.906;5,581
17.01.2015 21:31:30.908;5,581
17.01.2015 21:32:30.909;5,581
17.01.2015 21:33:30.910;5,581
17.01.2015 21:34:30.912;5,581
17.01.2015 21:35:30.913;5,581
17.01.2015 21:36:30.915;5,581
17.01.2015 21:37:30.916;5,581
17.01.2015 21:38:30.918;5,581
17.01.2015 21:39:30.919;5,581
17.01.2015 21:40:30.921;5,581
17.01.2015 21:41:30.922;5,581
17.01.2015 21:42:30.924;5,581
17.01.2015 21:43:30.925;5,581
17.01.2015 21:44:30.926;5,581
17.01.2015 21:45:30.928;5,581
17.01.2015 21:46:30.929;5,581
17.01.2015 21:47:30.931;5,581
17.01.2015 21:48:30.933;5,581
17.01.2015 21:49:30.934;5,581
17.01.2015 21:50:30.935;5,581
17.01.2015 21:51:30.937;5,581
17.01.2015 21:52:30.939;5,581
17.01.2015 21:53:30.940;5,581
17.01.2015 21:54:30.942;5,581
17.01.2015 21:55:30.944;5,581
17.01.2015 21:56:30.945;5,581
17.01.2015 21:57:30.947;5,581
17.01.2015 21:58:30.948;5,581
17.01.2015 21:59:30.950;5,581
17.01.2015 22:00:30.951;5,581
17.01.2015 22:01:30.953;5,581
17.01.2015 22:02:30.954;5,581
17.01.2015 22:03:30.955;5,581
17.01.2015 22:04:30.957;5,581
17.01.2015 22:05:30.960;5,581
17.01.2015 22:06:30.961;5,581
17.01.2015 22:07:31.117;5,581
17.01.2015 22:08:31.119;5,581
17.01.2015 22:09:31.120;5,581
17.01.2015 22:10:31.122;5,581
17.01.2015 22:11:31.123;5,581
17.01.2015 22:12:31.125;5,581
17.01.2015 22:13:31.126;5,581
17.01.2015 22:14:31.128;5,581
17.01.2015 22:15:31.130;5,581
17.01.2015 22:16:31.131;5,581
17.01.2015 22:17:31.133;5,581
17.01.2015 22:18:31.134;5,581
17.01.2015 22:19:31.136;5,581
17.01.2015 22:20:31.137;5,581
17.01.2015 22:21:31.138;5,581
17.01.2015 22:22:31.140;5,581
17.01.2015 22:23:31.141;5,581
17.01.2015 22:24:31.143;5,581
17.01.2015 22:25:31.144;5,581
17.01.2015 22:26:31.146;5,581
17.01.2015 22:27:31.147;5,581
17.01.2015 22:28:31.149;5,581
17.01.2015 22:29:31.150;5,581
17.01.2015 22:30:31.152;5,581
17.01.2015 22:31:31.153;5,581
17.01.2015 22:32:31.155;5,581
17.01.2015 22:33:31.156;5,581
17.01.2015 22:34:31.158;5,581
17.01.2015 22:35:31.159;5,581
17.01.2015 22:36:31.161;5,581
17.01.2015 22:37:31.162;5,581
17.01.2015 22:38:31.164;5,581
17.01.2015 22:39:31.165;5,581
17.01.2015 22:40:31.166;5,581
17.01.2015 22:41:31.235;5,581
17.01.2015 22:42:31.383;5,581
17.01.2015 22:43:31.385;5,581
17.01.2015 22:44:31.386;5,581
17.01.2015 22:45:31.387;5,581
17.01.2015 22:46:31.389;5,581
17.01.2015 22:47:31.390;5,581
17.01.2015 22:48:31.392;5,581
17.01.2015 22:49:31.394;5,581
17.01.2015 22:50:31.396;5,581
17.01.2015 22:51:31.516;5,581
17.01.2015 22:52:31.517;5,581
17.01.2015 22:53:31.519;5,581
17.01.2015 22:54:31.520;5,581
17.01.2015 22:55:31.521;5,581
17.01.2015 22:56:31.523;5,581
17.01.2015 22:57:31.524;5,581
17.01.2015 22:58:31.526;5,581
17.01.2015 22:59:31.527;5,581
17.01.2015 23:00:31.529;5,581
17.01.2015 23:01:31.530;5,581
17.01.2015 23:02:31.532;5,581
17.01.2015 23:03:31.533;5,581
17.01.2015 23:04:31.535;5,581
17.01.2015 23:05:31.536;5,581
17.01.2015 23:06:31.538;5,581
17.01.2015 23:07:31.539;5,581
17.01.2015 23:08:31.541;5,581
17.01.2015 23:09:31.542;5,581
17.01.2015 23:10:31.543;5,581
17.01.2015 23:11:31.545;5,581
17.01.2015 23:12:31.546;5,581
17.01.2015 23:13:31.548;5,581
17.01.2015 23:14:31.549;5,581
17.01.2015 23:15:31.551;5,581
17.01.2015 23:16:31.552;5,581
17.01.2015 23:17:31.553;5,581
17.01.2015 23:18:31.555;5,581
17.01.2015 23:19:31.556;5,581
17.01.2015 23:20:31.558;5,581
17.01.2015 23:21:31.559;5,581
17.01.2015 23:22:31.561;5,581
17.01.2015 23:23:31.562;5,581
17.01.2015 23:24:31.564;5,581
17.01.2015 23:25:31.565;5,581
17.01.2015 23:26:31.566;5,581
17.01.2015 23:27:31.568;5,581
17.01.2015 23:28:31.569;5,581
17.01.2015 23:29:31.571;5,581
17.01.2015 23:30:31.573;5,581
17.01.2015 23:31:31.574;5,581
17.01.2015 23:32:31.575;5,581
17.01.2015 23:33:31.577;5,581
17.01.2015 23:34:31.578;5,581
17.01.2015 23:35:31.580;5,581
17.01.2015 23:36:31.581;5,581
17.01.2015 23:37:31.583;5,581
17.01.2015 23:38:31.584;5,581
17.01.2015 23:39:31.586;5,581
17.01.2015 23:40:31.587;5,581
17.01.2015 23:41:31.589;5,581
17.01.2015 23:42:31.590;5,581
17.01.2015 23:43:31.591;5,581
17.01.2015 23:44:31.593;5,581
17.01.2015 23:45:31.595;5,581
17.01.2015 23:46:31.596;5,581
17.01.2015 23:47:31.597;5,581
17.01.2015 23:48:31.599;5,581
17.01.2015 23:49:31.600;5,581
17.01.2015 23:50:31.602;5,581
17.01.2015 23:51:31.603;5,581
17.01.2015 23:52:31.605;5,581
17.01.2015 23:53:31.606;5,581
17.01.2015 23:54:31.607;5,581
17.01.2015 23:55:31.609;5,581
17.01.2015 23:56:31.610;5,581
17.01.2015 23:57:31.782;5,581
17.01.2015 23:58:31.783;5,581
17.01.2015 23:59:31.855;5,581
